d5c4fc74-113e-4908-8473-a72086da0521,Case,1
70e2513d-032a-47a6-955c-a0dfc997ea0c,Case,2
588cffb8-8e92-43f7-8749-ad3abfc8f053,Case,3
35f9b257-830e-4dd8-bb69-579296dd3f67,Case,4
9b43d681-2531-4daf-ac48-0af9a7a173bb,Case,5
3102ab2a-802b-4e2d-8d96-96628c59396e,Ho,0
9f57edbd-b038-4f05-ab90-1a8846b77b5e,Ho,1
b0496be1-6723-4555-8653-28fcafced41a,Ho,2
f68ac1b7-0674-40b0-9da4-b027d3cbbed8,Ho,3
b7d2c2bb-84c2-4256-b82c-0eb2d8d3116a,Ho,4
8fcdfc23-2cd7-4f71-a7d3-6dbe4440f440,Ho,5
bfe3bcee-8f0c-40e4-801e-e0d2af603c34,Pinchin,0
dbf236ad-e45f-4868-bc8f-0b13b9bd293b,Pinchin,1
1222db51-ac42-4898-9f3c-8d6caadb86ab,Pinchin,2
0a4bfa5a-0693-443a-b64a-61ce5868451f,Pinchin,3
c683574d-0993-4f92-85be-ac9a5f0fb785,Pinchin,4
